{
  "Author": "Kisa Valentine",
  "Name": "Big Brother",
  "InternalName": "BigBrother",
  "AssemblyVersion": "1.0.0.0",
  "Description": "Fork of the Plugin. Allows you to track who has weapons and/or minions out in your current area.",
  "ApplicableVersion": "any",
  "RepoUrl": "https://github.com/KisaValentine/BigBrother",
  "Tags": [
    "monitoring"
  ],
  "DalamudApiLevel": 8,
  "LoadRequiredState": 0,
  "LoadSync": false,
  "LoadPriority": 0,
  "Punchline": "A plugin to make you feel like big brother.",
  "AcceptsFeedback": true
}