{
  "Author": "Kisa Valentine",
  "Name": "Big Brother",
  "InternalName": "BigBrother",
  "AssemblyVersion": "0.0.0.1",
  "Description": "Fork of the Plugin. Allows you to track who has weapons and/or minions out in your current area.",
  "ApplicableVersion": "any",
  "RepoUrl": "https://github.com/KisaValentine/BigBrother",
  "Tags": [
    "monitoring"
  ],
  "CategoryTags": [
    "ui",
    "social"
  ],
  "DalamudApiLevel": 8,
  "LoadRequiredState": 0,
  "LoadSync": false,
  "CanUnloadAsync": false,
  "LoadPriority": 0,
  "IconUrl": "https://raw.githubusercontent.com/KisaValentine/BigBrother/main/images/icon.png",
  "Punchline": "A plugin to make you feel like big brother.",
  "AcceptsFeedback": true,
  "FeedbackMessage": "Please include your logfile if you’re reporting a bug or issue."
}